Classificador;R2;R2 Ajustado;Tempo Treino (s);Tempo Teste (s)
Regressão Linear Multipla;0.9934;0.9934;0.06;0.00
Regressão Linear Multipla;0.6661;0.6645;0.00;0.00
Regressão Linear Multipla;0.8462;0.8455;0.00;0.00
Regressão Linear Multipla;0.6465;0.6449;0.00;0.00
Regressão Linear Multipla;0.6372;0.6355;0.00;0.00
Regressão Linear Multipla;0.8963;0.8958;0.00;0.00
Regressão Linear Multipla;0.9221;0.9218;0.00;0.00
Regressão Linear Multipla;0.6356;0.6339;0.01;0.00
Regressão Linear Multipla;0.6612;0.6596;0.00;0.00
Regressão Linear Multipla;0.6415;0.6398;0.00;0.00
