Classificador;Acurácia;Precisão;Revocação;F1-Score;Tempo Treino (s);Tempo Teste (s)
Naive Baiyes (Univariado);0.8525;0.9607;0.7885;0.8661;0.01;0.03
Naive Baiyes (Univariado);0.8438;0.9641;0.7706;0.8566;0.00;0.02
Naive Baiyes (Univariado);0.8134;0.9617;0.7204;0.8238;0.00;0.02
Naive Baiyes (Univariado);0.8413;0.9640;0.7670;0.8543;0.01;0.04
Naive Baiyes (Univariado);0.8043;0.9610;0.7061;0.8140;0.01;0.03
Naive Baiyes (Univariado);0.8522;0.9731;0.7778;0.8645;0.00;0.04
Naive Baiyes (Univariado);0.8239;0.9583;0.7419;0.8364;0.00;0.02
Naive Baiyes (Univariado);0.8130;0.9662;0.7168;0.8230;0.01;0.02
Naive Baiyes (Univariado);0.8584;0.9692;0.7914;0.8713;0.01;0.02
Naive Baiyes (Univariado);0.8497;0.9772;0.7698;0.8612;0.00;0.03
